{
  "Author": "Setsua Dammaggher",
  "Name": "CeeLo Plugin",
  "InternalName": "CeeLoPlugin",
  "AssemblyVersion": "1.0.1.0",
  "Description": "A plugin to host and play the classic dice game CeeLo in Final Fantasy XIV. Manage players, track rolls, and enjoy a fun social activity in-game.",
  "ApplicableVersion": "any",
  "RepoUrl": "https://github.com/SetsuaD/CeeLoPlugin.git",
  "Tags": [
    "Game",
    "Dice",
    "Social",
    "Entertainment"
  ],
  "DalamudApiLevel": 11,
  "LoadRequiredState": 0,
  "LoadSync": false,
  "CanUnloadAsync": false,
  "LoadPriority": 0,
  "IconUrl": "Images/icon.png",
  "Punchline": "Roll the dice and play CeeLo!",
  "AcceptsFeedback": true
}